,SARIMAX,Prophet
mse,555.236750588127,107.36827337199298
mae,22.133520564563568,8.407429769666393
mape,61177632153903.8,1835243223510714.2
rmse,23.563462194425654,10.361866307378849
